,Mean Change (Treated),Mean Change (Control),Wilcoxon Test Statistic,p-value
Pain_Score,0.0,-0.38144329896907214,1616.0,0.4495528880874191
Urgency_Score,0.0,0.07216494845360824,1836.0,0.7404924886282225
Frequency_Score,0.0,-0.030927835051546393,2161.0,0.9249650517437437
